<mod name="TimeOfDay" global_key="ToDU" core_class="Core.lua">
    <Hooks>
        <hook file="TimeOfDayCore.lua" source_file="lib/managers/menu/menuscenemanager"/>
        <!-- <hook file="HeistFix.lua" source_file="lib/tweak_data/levelstweakdata"/> -->
        <hook file="environmenteffectsmanager.lua" source_file="lib/managers/environmenteffectsmanager"/>
    </Hooks>
    <AssetUpdates id="ToDUpdate" version="1.3">
        <custom_provider version_api_url="https://github.com/payday-restoration/Time-of-Day-Updated/version.txt" download_url="https://github.com/payday-restoration/Time-of-Day-Updated/ToD.zip"/>
    </AssetUpdates>
</mod>
